Workbook

Sheet Cover
B2: RESOLUTE COMPLIANCE ADVISORY LLP
B4: Governance · Risk · Compliance
B8: INFORMATION SECURITY RISK REGISTER
B9: ISO 27001:2022 — Brightpath Technologies Pvt. Ltd.
B11: Prepared for
B12: Brightpath Technologies Pvt. Ltd.
B13: IT Services · Bengaluru, India
B14: Engagement Period: 02 October 2023 – 28 February 2024
B16: Prepared by | C16: kay Shahbaaz
B17: Title | C17: GRC Analyst
B18: Date | C18: 28 February 2024
B20: Field | C20: Details
B21: Document Title | C21: Information Security Risk Register
B22: Document Ref | C22: RCA-P1-005
B23: Client | C23: Brightpath Technologies Pvt. Ltd.
B24: Source Assessment | C24: RCA-P1-002 — ISO 27001:2022 Gap Assessment Report
B25: Risk Methodology | C25: Likelihood × Impact (1–5 scale); Score 1–25
B26: Total Risks | C26: 27
B27: Prepared by | C27: kay Shahbaaz
B28: Date | C28: 28 February 2024
... B31: Status | C31: Final
B33: CONFIDENTIALITY NOTICE — This document is prepared exclusively for Brightpath Technologies Pvt. Ltd. and may not be disclosed without prior written consent of Resolute Compliance Advisory LLP.

Sheet Risk Methodology
B1: RISK ASSESSMENT METHODOLOGY
B3: Brightpath Technologies Pvt. Ltd. · RCA-P1-005 · ISO 27001:2022
B5: RISK SCORING FORMULA
B6: Formula | C6: Inherent Risk Score = Likelihood (L) × Impact (I)
B7: Scale | C7: Both Likelihood and Impact rated 1 to 5
B8: Score Range | C8: 1 (minimum) to 25 (maximum)
B9: Residual Score | C9: Residual Risk Score = Residual Likelihood × Residual Impact (after controls applied)
B11: LIKELIHOOD SCALE
B12: Rating | C12: Score | D12: Definition | E12: Frequency
B13: Very Low | C13: 1 | D13: Highly unlikely to occur in the foreseeable future | E13: Less than once every 5 years
B14: Low | C14: 2 | D14: Unlikely to occur but has happened in similar contexts | E14: Once every 2–5 years
B15: Medium | C15: 3 | D15: Possible — may occur under certain circumstances | E15: Once per year
B16: High | C16: 4 | D16: Likely — has occurred before or expected to occur | E16: Multiple times per year
B17: Very High | C17: 5 | D17: Near certain — occurs regularly or is actively exploited | E17: Monthly or more frequent
B19: IMPACT SCALE
B20: Rating | C20: Score | D20: Definition | E20: Business Impact
B21: Negligible | C21: 1 | D21: Minimal disruption; no reputational or financial consequence | E21: Operational inconvenience only
B22: Minor | C22: 2 | D22: Limited impact; manageable without significant resource | E22: Minor cost or effort to remediate
B23: Moderate | C23: 3 | D23: Noticeable disruption to operations or client service delivery | E23: Client notification may be required
B24: Significant | C24: 4 | D24: Major disruption; potential client data breach or SLA breach | E24: Regulatory, legal, or contractual exposure
B25: Critical | C25: 5 | D25: Severe and potentially irreversible impact on the organisation | E25: Regulatory action, litigation, or loss of clients
B27: RISK RATING BANDS
B28: Rating | C28: Score Range | D28: Definition | E28: Response Requirement
B29: Critical | C29: 20 – 25 | D29: Unacceptable risk requiring immediate escalation | E29: Immediate action required — escalate to senior management
B30: High | C30: 12 – 19 | D30: Significant risk requiring priority remediation | E30: Remediate within 90 days — assign named owner
B31: Medium | C31: 6 – 11 | D31: Moderate risk to be addressed in planned programme | E31: Remediate within 180 days — include in risk treatment plan
B32: Low | C32: 1 – 5 | D32: Acceptable or negligible risk — monitor and review | E32: Accept with monitoring — review at next risk assessment
B34: RISK TREATMENT OPTIONS
B35: Treatment | C35: Code | D35: Definition | E35: When Appropriate
B36: Mitigate | C36: M | D36: Implement controls to reduce likelihood and/or impact to acceptable level | E36: Most risks where controls are cost-effective and feasible
B37: Accept | C37: A | D37: Acknowledge risk and accept without further treatment action | E37: Low-rated risks or where cost of treatment exceeds potential loss
B38: Transfer | C38: T | D38: Transfer risk to third party via insurance or contractual arrangement | E38: Risks with high financial impact, particularly business continuity
B39: Avoid | C39: V | D39: Eliminate risk by ceasing the activity or process that introduces it | E39: Where risk cannot be reduced to acceptable level by other means

Sheet Risk Register
A1: RESOLUTE COMPLIANCE ADVISORY LLP · Information Security Risk Register · RCA-P1-005 · Brightpath Technologies Pvt. Ltd. | O1: CONFIDENTIAL
A2: IDENTIFICATION | B2: RISK DESCRIPTION | F2: INHERENT RISK | J2: TREATMENT | L2: RESIDUAL RISK | P2: MANAGEMENT
A3: Risk ID | B3: Domain | C3: Asset / Process | D3: Threat | E3: Vulnerability | F3: L | G3: I | H3: Score | I3: Rating | J3: Treatment | K3: Control / Finding Ref | L3: RL | M3: RI | N3: Score | O3: Rating | P3: Risk Owner | Q3: Target Date | R3: Status
A4: R-001 | B4: Governance | C4: ISMS Framework | D4: Absence of formal information security governance | E4: No information security policy, ISMS scope, or management accountability structure | F4: 4 | G4: 5 | H4: =F4*G4 -> 20 | I4: Critical | J4: Mitigate | K4: F-001 / A.5.1 | L4: 2 | M4: 3 | N4: =L4*M4 -> 6 | O4: Medium | P4: CISO / IT Manager | Q4: Mar 2024 | R4: Open
A5: R-002 | B5: Governance | C5: Information Assets | D5: Uncontrolled information assets | E5: No formal asset inventory; assets unclassified and without assigned ownership | F5: 4 | G5: 4 | H5: =F5*G5 -> 16 | I5: High | J5: Mitigate | K5: F-002 / A.5.9 | L5: 2 | M5: 3 | N5: =L5*M5 -> 6 | O5: Medium | P5: IT Manager | Q5: Mar 2024 | R5: Open
A6: R-003 | B6: Governance | C6: Risk Management | D6: Absence of risk-driven security decisions | E6: No risk assessment methodology, risk criteria, or documented risk treatment process | F6: 4 | G6: 5 | H6: =F6*G6 -> 20 | I6: Critical | J6: Mitigate | K6: F-003 / Clause 6.1.2 | L6: 2 | M6: 3 | N6: =L6*M6 -> 6 | O6: Medium | P6: CISO / IT Manager | Q6: Mar 2024 | R6: Open
A7: R-004 | B7: Governance | C7: Compliance Monitoring | D7: Non-compliance with ISO 27001:2022 certification requirements | E7: Multiple foundational clauses unmet; organisation not eligible for certification audit | F7: 4 | G7: 4 | H7: =F7*G7 -> 16 | I7: High | J7: Mitigate | K7: RCA-P1-002 / Multiple | L7: 2 | M7: 2 | N7: =L7*M7 -> 4 | O7: Low | P7: IT Manager | Q7: Sep 2024 | R7: Open
A8: R-005 | B8: Access Control | C8: AWS Production Environment | D8: Unauthorised access to production systems | E8: Developers hold persistent administrative access to production AWS without least-privilege enforcement | F8: 4 | G8: 5 | H8: =F8*G8 -> 20 | I8: Critical | J8: Mitigate | K8: F-004 / A.5.15 / A.8.2 | L8: 2 | M8: 3 | N8: =L8*M8 -> 6 | O8: Medium | P8: IT Manager | Q8: Feb 2024 | R8: Open
A9: R-006 | B9: Access Control | C9: Former Employee Credentials | D9: Unauthorised access by former employees | E9: Active credentials identified for two former employees not revoked upon departure | F9: 5 | G9: 5 | H9: =F9*G9 -> 25 | I9: Critical | J9: Mitigate | K9: F-004 / A.5.18 / A.6.5 | L9: 1 | M9: 3 | N9: =L9*M9 -> 3 | O9: Low | P9: IT Manager | Q9: Immediate | R9: Open — Live Risk
A10: R-007 | B10: Access Control | C10: Identity Lifecycle | D10: Privilege creep and orphaned accounts | E10: No formal access provisioning or periodic access review process; accounts accumulate excess rights | F10: 3 | G10: 4 | H10: =F10*G10 -> 12 | I10: High | J10: Mitigate | K10: A.5.16 / A.5.17 / A.5.18 | L10: 2 | M10: 3 | N10: =L10*M10 -> 6 | O10: Medium | P10: IT Manager | Q10: Apr 2024 | R10: Open
A11: R-008 | B11: Access Control | C11: Authentication Controls | D11: Account compromise via weak authentication | E11: MFA not enforced on all AWS accounts; password complexity not formally mandated | F11: 3 | G11: 5 | H11: =F11*G11 -> 15 | I11: High | J11: Mitigate | K11: A.8.5 | L11: 1 | M11: 4 | N11: =L11*M11 -> 4 | O11: Low | P11: IT Manager | Q11: Mar 2024 | R11: Open
A12: R-009 | B12: Third-Party Risk | C12: Supplier Ecosystem | D12: Security breach via unvetted third-party vendor | E12: No vendor security assessments conducted; security clauses absent from all supplier contracts | F12: 3 | G12: 5 | H12: =F12*G12 -> 15 | I12: High | J12: Mitigate | K12: F-005 / A.5.19 / A.5.20 | L12: 2 | M12: 3 | N12: =L12*M12 -> 6 | O12: Medium | P12: IT Manager | Q12: May 2024 | R12: Open
A13: R-010 | B13: Third-Party Risk | C13: Cloud Service Provider (AWS) | D13: Misconfiguration of cloud services | E13: AWS shared responsibility model not formally documented; no cloud security baseline defined | F13: 3 | G13: 4 | H13: =F13*G13 -> 12 | I13: High | J13: Mitigate | K13: A.5.23 | L13: 2 | M13: 3 | N13: =L13*M13 -> 6 | O13: Medium | P13: IT Manager | Q13: Apr 2024 | R13: Open
A14: R-011 | B14: Third-Party Risk | C14: ICT Supply Chain | D14: Software supply chain compromise | E14: Third-party software components used in development without formal security vetting | F14: 2 | G14: 4 | H14: =F14*G14 -> 8 | I14: Medium | J14: Mitigate | K14: A.5.21 / A.8.25 | L14: 1 | M14: 3 | N14: =L14*M14 -> 3 | O14: Low | P14: Development Lead | Q14: Jun 2024 | R14: Open
A15: R-012 | B15: Incident Management | C15: Security Incident Handling | D15: Uncontrolled security incident escalating to data breach | E15: No incident response plan, severity classification, or defined escalation procedures | F15: 3 | G15: 5 | H15: =F15*G15 -> 15 | I15: High | J15: Mitigate | K15: F-006 / A.5.24 / A.5.26 | L15: 2 | M15: 3 | N15: =L15*M15 -> 6 | O15: Medium | P15: IT Manager | Q15: Apr 2024 | R15: Open
... A30: R-027 | B30: Data Protection | C30: Storage Media | D30: Data leakage via improper media disposal | E30: No formal media disposal or sanitisation procedure; old hardware not formally decommissioned | F30: 2 | G30: 4 | H30: =F30*G30 -> 8 | I30: Medium | J30: Mitigate | K30: A.7.10 / A.7.14 | L30: 1 | M30: 2 | N30: =L30*M30 -> 2 | O30: Low | P30: IT Manager | Q30: Jun 2024 | R30: Open

Sheet Summary Dashboard
B1: RISK REGISTER — SUMMARY DASHBOARD
B2: Brightpath Technologies Pvt. Ltd. · RCA-P1-005 · 28 February 2024
B4: OVERALL RISK SUMMARY
B5: Total Risks | C5: Critical | D5: High | E5: Medium | F5: Low | G5: Live Risks
B6: =COUNTA('Risk Register'!A4:A30) -> 27 | C6: =COUNTIF('Risk Register'!I4:I30,"Critical") -> 4 | D6: =COUNTIF('Risk Register'!I4:I30,"High") -> 17 | E6: =COUNTIF('Risk Register'!I4:I30,"Medium") -> 6 | F6: =COUNTIF('Risk Register'!I4:I30,"Low") -> 0 | G6: =COUNTIF('Risk Register'!R4:R30,"*Live*") -> 1
B8: INHERENT RISK vs RESIDUAL RISK — BY RATING
B9: Rating | C9: Inherent Count | D9: Residual Count | E9: Risk Reduction
B10: Critical | C10: =COUNTIF('Risk Register'!I4:I30,"Critical") -> 4 | D10: =COUNTIF('Risk Register'!O4:O30,"Critical") -> 0 | E10: =C10-D10 -> 4
B11: High | C11: =COUNTIF('Risk Register'!I4:I30,"High") -> 17 | D11: =COUNTIF('Risk Register'!O4:O30,"High") -> 0 | E11: =C11-D11 -> 17
B12: Medium | C12: =COUNTIF('Risk Register'!I4:I30,"Medium") -> 6 | D12: =COUNTIF('Risk Register'!O4:O30,"Medium") -> 17 | E12: =C12-D12 -> -11
B13: Low | C13: =COUNTIF('Risk Register'!I4:I30,"Low") -> 0 | D13: =COUNTIF('Risk Register'!O4:O30,"Low") -> 10 | E13: =C13-D13 -> -10
B15: RISK COUNT BY DOMAIN
B16: Domain | C16: Total | D16: Critical | E16: High | F16: Medium | G16: Low
B17: Governance | C17: =COUNTIF('Risk Register'!B4:B30,"Governance") -> 4 | D17: =COUNTIFS('Risk Register'!B4:B30,"Governance",'Risk Register'!I4:I30,"Critical") -> 2 | E17: =COUNTIFS('Risk Register'!B4:B30,"Governance",'Risk Register'!I4:I30,"High") -> 2 | F17: =COUNTIFS('Risk Register'!B4:B30,"Governance",'Risk Register'!I4:I30,"Medium") -> 0 | G17: =COUNTIFS('Risk Register'!B4:B30,"Governance",'Risk Register'!I4:I30,"Low") -> 0
B18: Access Control | C18: =COUNTIF('Risk Register'!B4:B30,"Access Control") -> 4 | D18: =COUNTIFS('Risk Register'!B4:B30,"Access Control",'Risk Register'!I4:I30,"Critical") -> 2 | E18: =COUNTIFS('Risk Register'!B4:B30,"Access Control",'Risk Register'!I4:I30,"High") -> 2 | F18: =COUNTIFS('Risk Register'!B4:B30,"Access Control",'Risk Register'!I4:I30,"Medium") -> 0 | G18: =COUNTIFS('Risk Register'!B4:B30,"Access Control",'Risk Register'!I4:I30,"Low") -> 0
B19: Third-Party Risk | C19: =COUNTIF('Risk Register'!B4:B30,"Third-Party Risk") -> 3 | D19: =COUNTIFS('Risk Register'!B4:B30,"Third-Party Risk",'Risk Register'!I4:I30,"Critical") -> 0 | E19: =COUNTIFS('Risk Register'!B4:B30,"Third-Party Risk",'Risk Register'!I4:I30,"High") -> 2 | F19: =COUNTIFS('Risk Register'!B4:B30,"Third-Party Risk",'Risk Register'!I4:I30,"Medium") -> 1 | G19: =COUNTIFS('Risk Register'!B4:B30,"Third-Party Risk",'Risk Register'!I4:I30,"Low") -> 0
B20: Incident Management | C20: =COUNTIF('Risk Register'!B4:B30,"Incident Management") -> 3 | D20: =COUNTIFS('Risk Register'!B4:B30,"Incident Management",'Risk Register'!I4:I30,"Critical") -> 0 | E20: =COUNTIFS('Risk Register'!B4:B30,"Incident Management",'Risk Register'!I4:I30,"High") -> 2 | F20: =COUNTIFS('Risk Register'!B4:B30,"Incident Management",'Risk Register'!I4:I30,"Medium") -> 1 | G20: =COUNTIFS('Risk Register'!B4:B30,"Incident Management",'Risk Register'!I4:I30,"Low") -> 0
B21: People Security | C21: =COUNTIF('Risk Register'!B4:B30,"People Security") -> 3 | D21: =COUNTIFS('Risk Register'!B4:B30,"People Security",'Risk Register'!I4:I30,"Critical") -> 0 | E21: =COUNTIFS('Risk Register'!B4:B30,"People Security",'Risk Register'!I4:I30,"High") -> 2 | F21: =COUNTIFS('Risk Register'!B4:B30,"People Security",'Risk Register'!I4:I30,"Medium") -> 1 | G21: =COUNTIFS('Risk Register'!B4:B30,"People Security",'Risk Register'!I4:I30,"Low") -> 0
B22: Vulnerability Management | C22: =COUNTIF('Risk Register'!B4:B30,"Vulnerability Management") -> 3 | D22: =COUNTIFS('Risk Register'!B4:B30,"Vulnerability Management",'Risk Register'!I4:I30,"Critical") -> 0 | E22: =COUNTIFS('Risk Register'!B4:B30,"Vulnerability Management",'Risk Register'!I4:I30,"High") -> 3 | F22: =COUNTIFS('Risk Register'!B4:B30,"Vulnerability Management",'Risk Register'!I4:I30,"Medium") -> 0 | G22: =COUNTIFS('Risk Register'!B4:B30,"Vulnerability Management",'Risk Register'!I4:I30,"Low") -> 0
B23: Secure Development | C23: =COUNTIF('Risk Register'!B4:B30,"Secure Development") -> 3 | D23: =COUNTIFS('Risk Register'!B4:B30,"Secure Development",'Risk Register'!I4:I30,"Critical") -> 0 | E23: =COUNTIFS('Risk Register'!B4:B30,"Secure Development",'Risk Register'!I4:I30,"High") -> 2 | F23: =COUNTIFS('Risk Register'!B4:B30,"Secure Development",'Risk Register'!I4:I30,"Medium") -> 1 | G23: =COUNTIFS('Risk Register'!B4:B30,"Secure Development",'Risk Register'!I4:I30,"Low") -> 0
B24: Business Continuity | C24: =COUNTIF('Risk Register'!B4:B30,"Business Continuity") -> 2 | D24: =COUNTIFS('Risk Register'!B4:B30,"Business Continuity",'Risk Register'!I4:I30,"Critical") -> 0 | E24: =COUNTIFS('Risk Register'!B4:B30,"Business Continuity",'Risk Register'!I4:I30,"High") -> 1 | F24: =COUNTIFS('Risk Register'!B4:B30,"Business Continuity",'Risk Register'!I4:I30,"Medium") -> 1 | G24: =COUNTIFS('Risk Register'!B4:B30,"Business Continuity",'Risk Register'!I4:I30,"Low") -> 0
B25: Data Protection | C25: =COUNTIF('Risk Register'!B4:B30,"Data Protection") -> 2 | D25: =COUNTIFS('Risk Register'!B4:B30,"Data Protection",'Risk Register'!I4:I30,"Critical") -> 0 | E25: =COUNTIFS('Risk Register'!B4:B30,"Data Protection",'Risk Register'!I4:I30,"High") -> 1 | F25: =COUNTIFS('Risk Register'!B4:B30,"Data Protection",'Risk Register'!I4:I30,"Medium") -> 1 | G25: =COUNTIFS('Risk Register'!B4:B30,"Data Protection",'Risk Register'!I4:I30,"Low") -> 0
B26: TOTAL | C26: =SUM(C17:C25) -> 27 | D26: =SUM(D17:D25) -> 4 | E26: =SUM(E17:E25) -> 17 | F26: =SUM(F17:F25) -> 6 | G26: =SUM(G17:G25) -> 0
B28: RISK TREATMENT BREAKDOWN
B29: Treatment | C29: Count | D29: % of Total
B30: Mitigate | C30: =COUNTIF('Risk Register'!J4:J30,"Mitigate") -> 27 | D30: =IF(B6=0,0,C30/B6) -> 1
B31: Accept | C31: =COUNTIF('Risk Register'!J4:J30,"Accept") -> 0 | D31: =IF(B6=0,0,C31/B6) -> 0
B32: Transfer | C32: =COUNTIF('Risk Register'!J4:J30,"Transfer") -> 0 | D32: =IF(B6=0,0,C32/B6) -> 0
B33: Avoid | C33: =COUNTIF('Risk Register'!J4:J30,"Avoid") -> 0 | D33: =IF(B6=0,0,C33/B6) -> 0
