Workbook

Sheet Cover
B2: RESOLUTE COMPLIANCE ADVISORY LLP
B4: Governance · Risk · Compliance
B8: STATEMENT OF APPLICABILITY
B9: ISO 27001:2022 Annex A — All 93 Controls
B11: Prepared for
B12: Brightpath Technologies Pvt. Ltd.
B13: IT Services · Bengaluru, India
B14: Engagement Period: 02 October 2023 – 28 February 2024
B17: Prepared by | C17: kay Shahbaaz
B18: Title | C18: GRC Analyst
B19: Date | C19: 28 February 2024
B21: Field | C21: Details
B22: Document Title | C22: Statement of Applicability
B23: Document Ref | C23: RCA-P1-004
B24: Client | C24: Brightpath Technologies Pvt. Ltd.
B25: Project | C25: ISO 27001:2022 + SOC 2 Compliance Assessment
B26: Standard | C26: ISO 27001:2022 Annex A
B27: Total Controls | C27: 93
B28: All Controls Applicable | C28: Yes — see SoA sheet for individual justifications
B29: Prepared by | C29: kay Shahbaaz
... B34: Status | C34: Final
B37: CONFIDENTIALITY NOTICE
B38: This document is prepared exclusively for Brightpath Technologies Pvt. Ltd. and may not be disclosed or distributed without prior written consent of Resolute Compliance Advisory LLP.

Sheet Statement of Applicability
A1: RESOLUTE COMPLIANCE ADVISORY LLP · Statement of Applicability · RCA-P1-004 · Brightpath Technologies Pvt. Ltd. | F1: CONFIDENTIAL
A2: ISO 27001:2022 Annex A — All 93 Controls — Assessment Date: October – December 2023 — Report Date: 28 February 2024
A3: Control Ref | B3: Control Name | C3: Theme | D3: Applicable (Y/N) | E3: Justification for Inclusion / Exclusion | F3: Implementation Status | G3: Priority
A4: A.5.1 | B4: Policies for information security | C4: Organisational | D4: Yes | E4: Required to establish the governing framework for all information security activities. No exclusion is justified. | F4: Non-Conformant | G4: Critical
A5: A.5.2 | B5: Information security roles and responsibilities | C5: Organisational | D5: Yes | E5: Essential for accountability across the ISMS. Roles partially defined but not formally documented. | F5: Partial | G5: High
A6: A.5.3 | B6: Segregation of duties | C6: Organisational | D6: Yes | E6: Applicable given Brightpath's size and access to client environments. No formal SoD policy exists. | F6: Non-Conformant | G6: High
A7: A.5.4 | B7: Management responsibilities | C7: Organisational | D7: Yes | E7: Management commitment to information security is required under Clause 5.1. Partially demonstrated. | F7: Partial | G7: Medium
A8: A.5.5 | B8: Contact with authorities | C8: Organisational | D8: Yes | E8: Relevant for incident reporting obligations. Basic contact list maintained. | F8: Conformant | G8: —
A9: A.5.6 | B9: Contact with special interest groups | C9: Organisational | D9: Yes | E9: Applicable for threat intelligence and industry awareness. Informal contacts exist. | F9: Conformant | G9: —
A10: A.5.7 | B10: Threat intelligence | C10: Organisational | D10: Yes | E10: Relevant given Brightpath's managed services exposure. No formal threat intelligence process. | F10: Non-Conformant | G10: High
A11: A.5.8 | B11: Information security in project management | C11: Organisational | D11: Yes | E11: Applicable to Brightpath's software development projects for US clients. Not currently integrated. | F11: Non-Conformant | G11: Medium
A12: A.5.9 | B12: Inventory of information and other associated assets | C12: Organisational | D12: Yes | E12: Foundational control required for risk assessment and control application. No formal inventory exists. | F12: Non-Conformant | G12: Critical
A13: A.5.10 | B13: Acceptable use of information and other associated assets | C13: Organisational | D13: Yes | E13: Required for all staff with access to information assets. Informal guidance only. | F13: Partial | G13: Medium
A14: A.5.11 | B14: Return of assets | C14: Organisational | D14: Yes | E14: Applicable on employee termination. No formal process or checklist in place. | F14: Partial | G14: Medium
... A96: A.8.34 | B96: Protection of information systems during audit testing | C96: Technological | D96: Yes | E96: Audit testing procedures defined. Conformant. | F96: Conformant | G96: —

Sheet Summary
B1: STATEMENT OF APPLICABILITY — SUMMARY
B2: Brightpath Technologies Pvt. Ltd. · RCA-P1-004 · ISO 27001:2022 Annex A · 28 February 2024
B4: OVERALL ASSESSMENT SUMMARY
B5: Total Controls | C5: Non-Conformant | D5: Partial | E5: Conformant | F5: Conformance %
B6: =COUNTA('Statement of Applicability'!A4:A96) -> 93 | C6: =COUNTIF('Statement of Applicability'!F4:F96,"Non-Conformant") -> 37 | D6: =COUNTIF('Statement of Applicability'!F4:F96,"Partial") -> 39 | E6: =COUNTIF('Statement of Applicability'!F4:F96,"Conformant") -> 17 | F6: =E6/B6 -> 0.1827957
B8: BREAKDOWN BY CONTROL THEME
B9: Theme | C9: Total | D9: Non-Conformant | E9: Partial | F9: Conformant
B10: Organisational Controls | C10: =COUNTIF('Statement of Applicability'!C4:C96,"Organisational") -> 37 | D10: =COUNTIFS('Statement of Applicability'!C4:C96,"Organisational",'Statement of Applicability'!F4:F96,"Non-Conformant") -> 19 | E10: =COUNTIFS('Statement of Applicability'!C4:C96,"Organisational",'Statement of Applicability'!F4:F96,"Partial") -> 14 | F10: =COUNTIFS('Statement of Applicability'!C4:C96,"Organisational",'Statement of Applicability'!F4:F96,"Conformant") -> 4
B11: People Controls | C11: =COUNTIF('Statement of Applicability'!C4:C96,"People") -> 8 | D11: =COUNTIFS('Statement of Applicability'!C4:C96,"People",'Statement of Applicability'!F4:F96,"Non-Conformant") -> 4 | E11: =COUNTIFS('Statement of Applicability'!C4:C96,"People",'Statement of Applicability'!F4:F96,"Partial") -> 3 | F11: =COUNTIFS('Statement of Applicability'!C4:C96,"People",'Statement of Applicability'!F4:F96,"Conformant") -> 1
B12: Physical Controls | C12: =COUNTIF('Statement of Applicability'!C4:C96,"Physical") -> 14 | D12: =COUNTIFS('Statement of Applicability'!C4:C96,"Physical",'Statement of Applicability'!F4:F96,"Non-Conformant") -> 2 | E12: =COUNTIFS('Statement of Applicability'!C4:C96,"Physical",'Statement of Applicability'!F4:F96,"Partial") -> 4 | F12: =COUNTIFS('Statement of Applicability'!C4:C96,"Physical",'Statement of Applicability'!F4:F96,"Conformant") -> 8
B13: Technological Controls | C13: =COUNTIF('Statement of Applicability'!C4:C96,"Technological") -> 34 | D13: =COUNTIFS('Statement of Applicability'!C4:C96,"Technological",'Statement of Applicability'!F4:F96,"Non-Conformant") -> 12 | E13: =COUNTIFS('Statement of Applicability'!C4:C96,"Technological",'Statement of Applicability'!F4:F96,"Partial") -> 18 | F13: =COUNTIFS('Statement of Applicability'!C4:C96,"Technological",'Statement of Applicability'!F4:F96,"Conformant") -> 4
B14: TOTAL | C14: =SUM(C10:C13) -> 93 | D14: =SUM(D10:D13) -> 37 | E14: =SUM(E10:E13) -> 39 | F14: =SUM(F10:F13) -> 17
B16: BREAKDOWN BY REMEDIATION PRIORITY
B17: Priority | C17: Count | D17: Description
B18: Critical | C18: =COUNTIF('Statement of Applicability'!G4:G96,"Critical") -> 11 | D18: Standalone audit failure — immediate remediation required
B19: High | C19: =COUNTIF('Statement of Applicability'!G4:G96,"High") -> 36 | D19: Significant risk gap — remediate within 90 days
B20: Medium | C20: =COUNTIF('Statement of Applicability'!G4:G96,"Medium") -> 29 | D20: Moderate gap — remediate within 180 days
B21: Low | C21: =COUNTIF('Statement of Applicability'!G4:G96,"Low") -> 0 | D21: Minor enhancement — remediate within 12 months
