Workbook

Sheet Cover
B2: RESOLUTE COMPLIANCE ADVISORY LLP
B4: Governance · Risk · Compliance
B7: PRIORITISED REMEDIATION ROADMAP
B8: ISO 27001:2022 + SOC 2 — Brightpath Technologies Pvt. Ltd.
B10: Prepared for
B11: Brightpath Technologies Pvt. Ltd.
B12: IT Services · Bengaluru, India
B13: Roadmap Period: February 2024 – February 2025
B15: Prepared by | C15: kay Shahbaaz
B16: Title | C16: GRC Analyst
B17: Date | C17: 28 February 2024
B19: Field | C19: Details
B20: Document Title | C20: Prioritised Remediation Roadmap
B21: Document Ref | C21: RCA-P1-006
B22: Client | C22: Brightpath Technologies Pvt. Ltd.
B23: Source Documents | C23: RCA-P1-002 (ISO 27001 Gap), RCA-P1-003 (SOC 2 Gap), RCA-P1-005 (Risk Register)
B24: Frameworks | C24: ISO 27001:2022 + SOC 2 Trust Services Criteria
B25: Total Actions | C25: 34
B26: Roadmap Period | C26: February 2024 – February 2025
B27: Prepared by | C27: kay Shahbaaz
... B31: Status | C31: Final
B33: CONFIDENTIALITY NOTICE — This document is prepared exclusively for Brightpath Technologies Pvt. Ltd. and may not be disclosed without prior written consent of Resolute Compliance Advisory LLP.

Sheet Remediation Roadmap
A1: RESOLUTE COMPLIANCE ADVISORY LLP · Remediation Roadmap · RCA-P1-006 · Brightpath Technologies Pvt. Ltd. | K1: CONFIDENTIAL
A2: ISO 27001:2022 + SOC 2 · Assessment Period: Oct–Dec 2023 · Roadmap Period: Feb 2024 – Feb 2025 · Report Date: 28 February 2024
A3: Action ID | B3: Priority | C3: Domain | D3: Remediation Action | E3: Framework Reference | F3: Risk Ref | G3: Effort | H3: Phase | I3: Owner | J3: Start Month | K3: End Month | L3: Status
A4: RM-001 | B4: Critical | C4: Governance | D4: Appoint Information Security Officer and formally assign ISMS ownership | E4: ISO 27001:2022 Clause 5.3 / A.5.2 | F4: R-001 | G4: Small (< 1 wk) | H4: Phase 1 (Immediate) | I4: Senior Management | J4: Feb 2024 | K4: Feb 2024 | L4: Open
A5: RM-002 | B5: Critical | C5: Access Control | D5: Immediately revoke all active credentials for former employees — live risk | E5: ISO 27001:2022 A.5.18 / A.6.5 / SOC 2 CC6.5 | F5: R-006 | G5: Small (< 1 wk) | H5: Phase 1 (Immediate) | I5: IT Manager | J5: Feb 2024 | K5: Feb 2024 | L5: Open
A6: RM-003 | B6: Critical | C6: Governance | D6: Draft and obtain management sign-off on Information Security Policy | E6: ISO 27001:2022 Clause 5.2 / A.5.1 / SOC 2 CC2.2 | F6: R-001 | G6: Small (< 1 wk) | H6: Phase 1 (Immediate) | I6: ISO / IT Manager | J6: Feb 2024 | K6: Mar 2024 | L6: Open
A7: RM-004 | B7: Critical | C7: Governance | D7: Define and document ISMS scope per ISO 27001:2022 Clause 4.3 | E7: ISO 27001:2022 Clause 4.3 | F7: R-001 | G7: Small (< 1 wk) | H7: Phase 1 (Immediate) | I7: ISO / IT Manager | J7: Feb 2024 | K7: Mar 2024 | L7: Open
A8: RM-005 | B8: Critical | C8: Governance | D8: Define risk assessment methodology: criteria, likelihood/impact scale, risk appetite | E8: ISO 27001:2022 Clause 6.1.2 / SOC 2 CC3.1 | F8: R-003 | G8: Small (< 1 wk) | H8: Phase 1 (Immediate) | I8: ISO / IT Manager | J8: Feb 2024 | K8: Mar 2024 | L8: Open
A9: RM-006 | B9: Critical | C9: Governance | D9: Conduct enterprise-wide information asset inventory; assign asset owners; classify by sensitivity | E9: ISO 27001:2022 A.5.9 / A.5.12 | F9: R-002 | G9: Medium (1–4 wk) | H9: Phase 1 (Immediate) | I9: IT Manager | J9: Mar 2024 | K9: Apr 2024 | L9: Open
A10: RM-007 | B10: Critical | C10: Governance | D10: Conduct initial ISO 27001:2022 risk assessment using approved methodology; produce Risk Treatment Plan | E10: ISO 27001:2022 Clause 6.1.2 / 6.1.3 / SOC 2 CC3.2 | F10: R-003 | G10: Medium (1–4 wk) | H10: Phase 1 (Immediate) | I10: ISO / IT Manager | J10: Mar 2024 | K10: May 2024 | L10: Open
A11: RM-008 | B11: Critical | C11: Access Control | D11: Develop and implement Access Control Policy; enforce least-privilege across all AWS IAM roles | E11: ISO 27001:2022 A.5.15 / A.5.18 / A.8.2 / SOC 2 CC6.1 / CC6.3 | F11: R-005 | G11: Medium (1–4 wk) | H11: Phase 1 (Immediate) | I11: IT Manager | J11: Mar 2024 | K11: Apr 2024 | L11: Open
A12: RM-009 | B12: High | C12: Access Control | D12: Enforce MFA on all AWS accounts and administrative interfaces | E12: ISO 27001:2022 A.8.5 / SOC 2 CC6.1 | F12: R-008 | G12: Small (< 1 wk) | H12: Phase 1 (Immediate) | I12: IT Manager | J12: Mar 2024 | K12: Mar 2024 | L12: Open
A13: RM-010 | B13: High | C13: People Security | D13: Launch mandatory security awareness training for all staff; track completion | E13: ISO 27001:2022 A.6.3 / SOC 2 CC1.4 | F13: R-015 | G13: Medium (1–4 wk) | H13: Phase 1 (Immediate) | I13: HR / IT Manager | J13: Mar 2024 | K13: May 2024 | L13: Open
A14: RM-011 | B14: High | C14: People Security | D14: Implement pre-employment background screening policy; apply to all new hires from Mar 2024 | E14: ISO 27001:2022 A.6.1 | F14: R-016 | G14: Small (< 1 wk) | H14: Phase 1 (Immediate) | I14: HR Manager | J14: Mar 2024 | K14: Apr 2024 | L14: Open
... A37: RM-034 | B37: Medium | C37: Governance | D37: Commission SOC 2 Type I readiness review with independent assessor | E37: SOC 2 — All criteria | F37: R-004 | G37: Medium (1–4 wk) | H37: Phase 4 (Long-Term) | I37: ISO / Senior Management | J37: Nov 2024 | K37: Jan 2025 | L37: Open

Sheet Gantt Timeline
A1: RESOLUTE COMPLIANCE ADVISORY LLP · Remediation Timeline · RCA-P1-006 · Brightpath Technologies Pvt. Ltd. | E1: February 2024 → February 2025
A2: Shaded cells indicate active remediation period for each action. Critical = Red · High = Amber · Medium = Gold · Low = Green
A3: Action ID | B3: Priority | C3: Domain | D3: Remediation Action | E3: Feb 2024 | F3: Mar 2024 | G3: Apr 2024 | H3: May 2024 | I3: Jun 2024 | J3: Jul 2024 | K3: Aug 2024 | L3: Sep 2024 | M3: Oct 2024 | N3: Nov 2024 | O3: Dec 2024 | P3: Jan 2025 | Q3: Feb 2025
A4: RM-001 | B4: Critical | C4: Governance | D4: Appoint Information Security Officer and formally assign ISMS ownership | E4: ●
A5: RM-002 | B5: Critical | C5: Access Control | D5: Immediately revoke all active credentials for former employees — live risk | E5: ●
A6: RM-003 | B6: Critical | C6: Governance | D6: Draft and obtain management sign-off on Information Security Policy | E6: ● | F6: ●
A7: RM-004 | B7: Critical | C7: Governance | D7: Define and document ISMS scope per ISO 27001:2022 Clause 4.3 | E7: ● | F7: ●
A8: RM-005 | B8: Critical | C8: Governance | D8: Define risk assessment methodology: criteria, likelihood/impact scale, risk... | E8: ● | F8: ●
A9: RM-006 | B9: Critical | C9: Governance | D9: Conduct enterprise-wide information asset inventory; assign asset owners; c... | F9: ● | G9: ●
A10: RM-007 | B10: Critical | C10: Governance | D10: Conduct initial ISO 27001:2022 risk assessment using approved methodology; ... | F10: ● | G10: ━ | H10: ●
A11: RM-008 | B11: Critical | C11: Access Control | D11: Develop and implement Access Control Policy; enforce least-privilege across... | F11: ● | G11: ●
A12: RM-009 | B12: High | C12: Access Control | D12: Enforce MFA on all AWS accounts and administrative interfaces | F12: ●
A13: RM-010 | B13: High | C13: People Security | D13: Launch mandatory security awareness training for all staff; track completio... | F13: ● | G13: ━ | H13: ●
A14: RM-011 | B14: High | C14: People Security | D14: Implement pre-employment background screening policy; apply to all new hire... | F14: ● | G14: ●
A15: RM-012 | B15: High | C15: People Security | D15: Develop offboarding checklist; mandate access revocation within 24 hours of... | F15: ●
A16: RM-013 | B16: Critical | C16: Incident Management | D16: Develop and test Incident Response Plan; define severity levels, roles, and... | F16: ● | G16: ━ | H16: ●
A17: RM-014 | B17: Critical | C17: Vulnerability Management | D17: Deploy vulnerability scanning (monthly cadence); define patching SLAs: Crit... | F17: ● | G17: ●
A18: RM-015 | B18: Critical | C18: Third-Party Risk | D18: Draft and execute information security addenda to all critical and high-ris... | F18: ● | G18: ━ | H18: ●
A19: RM-016 | B19: High | C19: Governance | D19: Finalise Statement of Applicability (RCA-P1-004); obtain management approva... | H19: ● | I19: ●
A20: RM-017 | B20: High | C20: Access Control | D20: Implement quarterly access certification reviews; document results as audit... | H20: ● | I20: ●
A21: RM-018 | B21: High | C21: Vulnerability Management | D21: Define and deploy network segmentation; enforce prod/dev environment separa... | H21: ● | I21: ━ | J21: ●
A22: RM-019 | B22: High | C22: Vulnerability Management | D22: Define configuration baselines and hardening standards for all production s... | H22: ● | I22: ━ | J22: ●
A23: RM-020 | B23: High | C23: Incident Management | D23: Configure AWS CloudTrail and CloudWatch alerting for defined security event... | H23: ● | I23: ●
A24: RM-021 | B24: High | C24: Third-Party Risk | D24: Develop vendor register; conduct tiered security assessments for all critic... | H24: ● | I24: ━ | J24: ●
A25: RM-022 | B25: High | C25: Secure Development | D25: Adopt Secure SDLC policy; integrate OWASP Top 10 into development process | H25: ● | I25: ━ | J25: ━ | K25: ●
A26: RM-023 | B26: High | C26: Secure Development | D26: Implement pre-deployment security testing (DAST/SAST) for all client-facing... | I26: ● | J26: ━ | K26: ●
A27: RM-024 | B27: Medium | C27: Secure Development | D27: Implement data masking / anonymisation for test environments; prohibit prod... | I27: ● | J27: ●
A28: RM-025 | B28: High | C28: Data Protection | D28: Develop information classification scheme; apply labels to all information ... | H28: ● | I28: ━ | J28: ●
A29: RM-026 | B29: High | C29: Data Protection | D29: Implement encryption policy; enforce encryption at rest and in transit for ... | I29: ● | J29: ━ | K29: ●
A30: RM-027 | B30: High | C30: Business Continuity | D30: Define RTOs and RPOs for all client-facing services; document BCP and DRP | J30: ● | K30: ━ | L30: ━ | M30: ●
A31: RM-028 | B31: High | C31: Business Continuity | D31: Test backup restoration; conduct BCP tabletop exercise; document test resul... | L31: ● | M31: ━ | N31: ●
A32: RM-029 | B32: Medium | C32: Governance | D32: Implement supplier monitoring process; conduct annual reviews of critical s... | K32: ● | L32: ━ | M32: ●
A33: RM-030 | B33: Medium | C33: People Security | D33: Deploy phishing simulation programme; conduct at minimum two exercises per ... | J33: ● | K33: ━ | L33: ●
A34: RM-031 | B34: Medium | C34: Governance | D34: Conduct ISO 27001:2022 internal audit against all Annex A controls and Clau... | M34: ● | N34: ━ | O34: ●
A35: RM-032 | B35: Medium | C35: Governance | D35: Conduct ISO 27001:2022 Management Review per Clause 9.3; document outputs | N35: ● | O35: ●
A36: RM-033 | B36: Medium | C36: Governance | D36: Engage accredited Certification Body for ISO 27001:2022 Stage 1 audit | O36: ● | P36: ━ | Q36: ●
A37: RM-034 | B37: Medium | C37: Governance | D37: Commission SOC 2 Type I readiness review with independent assessor | N37: ● | O37: ━ | P37: ●

Sheet Summary Dashboard
B1: REMEDIATION ROADMAP — SUMMARY DASHBOARD
B2: Brightpath Technologies Pvt. Ltd. · RCA-P1-006 · 28 February 2024
B4: OVERALL ROADMAP SUMMARY
B5: Total Actions | C5: Critical | D5: High | E5: Medium | F5: Low | G5: Completed
B6: =COUNTA('Remediation Roadmap'!A4:A37) -> 34 | C6: =COUNTIF('Remediation Roadmap'!B4:B37,"Critical") -> 11 | D6: =COUNTIF('Remediation Roadmap'!B4:B37,"High") -> 16 | E6: =COUNTIF('Remediation Roadmap'!B4:B37,"Medium") -> 7 | F6: =COUNTIF('Remediation Roadmap'!B4:B37,"Low") -> 0 | G6: =COUNTIF('Remediation Roadmap'!L4:L37,"Completed") -> 0
B8: COMPLETION RATE (update Status in Roadmap sheet as actions are completed)
B9: Metric | C9: Value
B10: Overall Completion % | C10: =IF(B6=0,0,G6/B6) -> 0
B11: Critical Actions Completed | C11: =COUNTIFS('Remediation Roadmap'!B4:B37,"Critical",'Remediation Roadmap'!L4:L37,"Completed") -> 0
B12: High Actions Completed | C12: =COUNTIFS('Remediation Roadmap'!B4:B37,"High",'Remediation Roadmap'!L4:L37,"Completed") -> 0
B13: Medium Actions Completed | C13: =COUNTIFS('Remediation Roadmap'!B4:B37,"Medium",'Remediation Roadmap'!L4:L37,"Completed") -> 0
B15: ACTIONS BY PRIORITY
B16: Priority | C16: Total | D16: Open | E16: In Progress | F16: Completed | G16: % Complete
B17: Critical | C17: =COUNTIF('Remediation Roadmap'!B4:B37,"Critical") -> 11 | D17: =COUNTIFS('Remediation Roadmap'!B4:B37,"Critical",'Remediation Roadmap'!L4:L37,"Open") -> 11 | E17: =COUNTIFS('Remediation Roadmap'!B4:B37,"Critical",'Remediation Roadmap'!L4:L37,"In Progress") -> 0 | F17: =COUNTIFS('Remediation Roadmap'!B4:B37,"Critical",'Remediation Roadmap'!L4:L37,"Completed") -> 0 | G17: =IF(C17=0,0,F17/C17) -> 0
B18: High | C18: =COUNTIF('Remediation Roadmap'!B4:B37,"High") -> 16 | D18: =COUNTIFS('Remediation Roadmap'!B4:B37,"High",'Remediation Roadmap'!L4:L37,"Open") -> 16 | E18: =COUNTIFS('Remediation Roadmap'!B4:B37,"High",'Remediation Roadmap'!L4:L37,"In Progress") -> 0 | F18: =COUNTIFS('Remediation Roadmap'!B4:B37,"High",'Remediation Roadmap'!L4:L37,"Completed") -> 0 | G18: =IF(C18=0,0,F18/C18) -> 0
B19: Medium | C19: =COUNTIF('Remediation Roadmap'!B4:B37,"Medium") -> 7 | D19: =COUNTIFS('Remediation Roadmap'!B4:B37,"Medium",'Remediation Roadmap'!L4:L37,"Open") -> 7 | E19: =COUNTIFS('Remediation Roadmap'!B4:B37,"Medium",'Remediation Roadmap'!L4:L37,"In Progress") -> 0 | F19: =COUNTIFS('Remediation Roadmap'!B4:B37,"Medium",'Remediation Roadmap'!L4:L37,"Completed") -> 0 | G19: =IF(C19=0,0,F19/C19) -> 0
B20: Low | C20: =COUNTIF('Remediation Roadmap'!B4:B37,"Low") -> 0 | D20: =COUNTIFS('Remediation Roadmap'!B4:B37,"Low",'Remediation Roadmap'!L4:L37,"Open") -> 0 | E20: =COUNTIFS('Remediation Roadmap'!B4:B37,"Low",'Remediation Roadmap'!L4:L37,"In Progress") -> 0 | F20: =COUNTIFS('Remediation Roadmap'!B4:B37,"Low",'Remediation Roadmap'!L4:L37,"Completed") -> 0 | G20: =IF(C20=0,0,F20/C20) -> 0
B22: ACTIONS BY DOMAIN
B23: Domain | C23: Total | D23: Critical | E23: High | F23: Medium | G23: Low
B24: Governance | C24: =COUNTIF('Remediation Roadmap'!C4:C37,"Governance") -> 12 | D24: =COUNTIFS('Remediation Roadmap'!C4:C37,"Governance",'Remediation Roadmap'!B4:B37,"Critical") -> 6 | E24: =COUNTIFS('Remediation Roadmap'!C4:C37,"Governance",'Remediation Roadmap'!B4:B37,"High") -> 1 | F24: =COUNTIFS('Remediation Roadmap'!C4:C37,"Governance",'Remediation Roadmap'!B4:B37,"Medium") -> 5 | G24: =COUNTIFS('Remediation Roadmap'!C4:C37,"Governance",'Remediation Roadmap'!B4:B37,"Low") -> 0
B25: Access Control | C25: =COUNTIF('Remediation Roadmap'!C4:C37,"Access Control") -> 4 | D25: =COUNTIFS('Remediation Roadmap'!C4:C37,"Access Control",'Remediation Roadmap'!B4:B37,"Critical") -> 2 | E25: =COUNTIFS('Remediation Roadmap'!C4:C37,"Access Control",'Remediation Roadmap'!B4:B37,"High") -> 2 | F25: =COUNTIFS('Remediation Roadmap'!C4:C37,"Access Control",'Remediation Roadmap'!B4:B37,"Medium") -> 0 | G25: =COUNTIFS('Remediation Roadmap'!C4:C37,"Access Control",'Remediation Roadmap'!B4:B37,"Low") -> 0
B26: Third-Party Risk | C26: =COUNTIF('Remediation Roadmap'!C4:C37,"Third-Party Risk") -> 2 | D26: =COUNTIFS('Remediation Roadmap'!C4:C37,"Third-Party Risk",'Remediation Roadmap'!B4:B37,"Critical") -> 1 | E26: =COUNTIFS('Remediation Roadmap'!C4:C37,"Third-Party Risk",'Remediation Roadmap'!B4:B37,"High") -> 1 | F26: =COUNTIFS('Remediation Roadmap'!C4:C37,"Third-Party Risk",'Remediation Roadmap'!B4:B37,"Medium") -> 0 | G26: =COUNTIFS('Remediation Roadmap'!C4:C37,"Third-Party Risk",'Remediation Roadmap'!B4:B37,"Low") -> 0
B27: Incident Management | C27: =COUNTIF('Remediation Roadmap'!C4:C37,"Incident Management") -> 2 | D27: =COUNTIFS('Remediation Roadmap'!C4:C37,"Incident Management",'Remediation Roadmap'!B4:B37,"Critical") -> 1 | E27: =COUNTIFS('Remediation Roadmap'!C4:C37,"Incident Management",'Remediation Roadmap'!B4:B37,"High") -> 1 | F27: =COUNTIFS('Remediation Roadmap'!C4:C37,"Incident Management",'Remediation Roadmap'!B4:B37,"Medium") -> 0 | G27: =COUNTIFS('Remediation Roadmap'!C4:C37,"Incident Management",'Remediation Roadmap'!B4:B37,"Low") -> 0
B28: People Security | C28: =COUNTIF('Remediation Roadmap'!C4:C37,"People Security") -> 4 | D28: =COUNTIFS('Remediation Roadmap'!C4:C37,"People Security",'Remediation Roadmap'!B4:B37,"Critical") -> 0 | E28: =COUNTIFS('Remediation Roadmap'!C4:C37,"People Security",'Remediation Roadmap'!B4:B37,"High") -> 3 | F28: =COUNTIFS('Remediation Roadmap'!C4:C37,"People Security",'Remediation Roadmap'!B4:B37,"Medium") -> 1 | G28: =COUNTIFS('Remediation Roadmap'!C4:C37,"People Security",'Remediation Roadmap'!B4:B37,"Low") -> 0
B29: Vulnerability Management | C29: =COUNTIF('Remediation Roadmap'!C4:C37,"Vulnerability Management") -> 3 | D29: =COUNTIFS('Remediation Roadmap'!C4:C37,"Vulnerability Management",'Remediation Roadmap'!B4:B37,"Critical") -> 1 | E29: =COUNTIFS('Remediation Roadmap'!C4:C37,"Vulnerability Management",'Remediation Roadmap'!B4:B37,"High") -> 2 | F29: =COUNTIFS('Remediation Roadmap'!C4:C37,"Vulnerability Management",'Remediation Roadmap'!B4:B37,"Medium") -> 0 | G29: =COUNTIFS('Remediation Roadmap'!C4:C37,"Vulnerability Management",'Remediation Roadmap'!B4:B37,"Low") -> 0
B30: Secure Development | C30: =COUNTIF('Remediation Roadmap'!C4:C37,"Secure Development") -> 3 | D30: =COUNTIFS('Remediation Roadmap'!C4:C37,"Secure Development",'Remediation Roadmap'!B4:B37,"Critical") -> 0 | E30: =COUNTIFS('Remediation Roadmap'!C4:C37,"Secure Development",'Remediation Roadmap'!B4:B37,"High") -> 2 | F30: =COUNTIFS('Remediation Roadmap'!C4:C37,"Secure Development",'Remediation Roadmap'!B4:B37,"Medium") -> 1 | G30: =COUNTIFS('Remediation Roadmap'!C4:C37,"Secure Development",'Remediation Roadmap'!B4:B37,"Low") -> 0
B31: Business Continuity | C31: =COUNTIF('Remediation Roadmap'!C4:C37,"Business Continuity") -> 2 | D31: =COUNTIFS('Remediation Roadmap'!C4:C37,"Business Continuity",'Remediation Roadmap'!B4:B37,"Critical") -> 0 | E31: =COUNTIFS('Remediation Roadmap'!C4:C37,"Business Continuity",'Remediation Roadmap'!B4:B37,"High") -> 2 | F31: =COUNTIFS('Remediation Roadmap'!C4:C37,"Business Continuity",'Remediation Roadmap'!B4:B37,"Medium") -> 0 | G31: =COUNTIFS('Remediation Roadmap'!C4:C37,"Business Continuity",'Remediation Roadmap'!B4:B37,"Low") -> 0
B32: Data Protection | C32: =COUNTIF('Remediation Roadmap'!C4:C37,"Data Protection") -> 2 | D32: =COUNTIFS('Remediation Roadmap'!C4:C37,"Data Protection",'Remediation Roadmap'!B4:B37,"Critical") -> 0 | E32: =COUNTIFS('Remediation Roadmap'!C4:C37,"Data Protection",'Remediation Roadmap'!B4:B37,"High") -> 2 | F32: =COUNTIFS('Remediation Roadmap'!C4:C37,"Data Protection",'Remediation Roadmap'!B4:B37,"Medium") -> 0 | G32: =COUNTIFS('Remediation Roadmap'!C4:C37,"Data Protection",'Remediation Roadmap'!B4:B37,"Low") -> 0
